Gender,Category,Type,Description
male,casual,shirt,Uiriuy Mens Casual Collared Short Sleeve Button Down Corduroy Shirt (Blue)
male,casual,shirt,Casual Men non-collared shirt(Green)
male,casual,shirt,Casual Men shirt(Black)
male,casual,shirt,Casual Men Collared button up shirt(Black)
male,casual,shirt,Casual Men Collared shirt Marshmello Emoji (Grey)
male,casual,shirt,Casual Men Collared shirt Vertical White strips (Brown)
male,casual,shirt,Casual Men Collared Sleeve Shirt(DeepRed)
male,casual,shirt,Casual Men Collared Short Sleeve Shirt(White)
male,casual,shirt,Casual Men Contrast Collar Pocket Patched Button Up Shirt (Khaki)
male,casual,shirt,Casual Men Solid Buttons Beach Double Pocket Turndown Short Sleeve Shirt (Pink)
male,casual,shirt,Casual Men Solid Buttons Beach Double Pocket Turndown Short Sleeve Shirt (Red)
male,casual,shirt,Casual Men Double Pocket Short Sleeve Shirt ( Yellow )
male,casual,shirt,Casual Men Cotton and Linen Thin Long Sleeve Shirt (Navy)
male,casual,shirt,Casual Men One Color Short Sleeve T-shirt ( Grey )
male,casual,shirt,Casual Men One Color Short Sleeve T-shirt (White)
male,casual,shirt,Casual Men Polo Short Sleeve Zipper Lapel Top Shirt ( Black)
male,casual,shirt,Casual Men Graphic Tee With Printed Japanese Style (Black)
male,casual,shirt,Casual Men Cartoon Graphic Tee ( Grey )
male,casual,shirt,Casual Men Letter Graphic Tee WHY NOT. (Black)
male,casual,shirt,Casual Men Letter Graphic Tee YOUNG FREE (White)
male,casual,shirt,Casual Men Bear Graphic and letter I HATE YOU short sleeve shirt(Red)
male,casual,shirt,Casual Men Claws Graphic Short Sleeve Tee ( Yellow )
male,casual,shirt,Casual Men Astronaut Graphic Short Sleeve Tee ( Purple )
male,casual,shirt,Casual Men Fish Bone Graphic Short Sleeve T shirt ( Khaki)
male,casual,shirt,Casual Men Bird printed Graphic Short Sleeve T shirt ( Green )
male,casual,shirt,Casual Men Browser Dinosaur Game Graphic Tee ( Black )
male,casual,shirt,Casual Men Basketball Player Graphic Tee ( Black )
male,casual,shirt,Casual Men Letter Graphic Tee PEACE ( White )
male,casual,shirt,Casual Men Nike Tee ( White )
male,casual,shirt,Casual Men Adidas Tee ( White )
male,casual,pant,Summer Casual Pants Men Breathable Polyester Korean Fashion Semi-wide Banded Waist Slacks Straight Loose Drape Trousers (M-Khaki)
male,casual,pant,Casual Men Cozy Stylish Winter Sweatpants Wide-leg Elastic Waist Pockets (Black)
male,casual,pant,Casual Men Chino pant (Khakis)
male,casual,pant,Casual Men Chino pant ( Light Green )
male,casual,pant,Casual Men Chino pant (Military Blue)
male,casual,pant,Casual Men Cargo Pant (Khaki)
male,casual,pant,Casual Men Cargo Pant (White)
male,casual,pant,Casual Men Cargo Pant (Off-white)
male,casual,pant,Casual Men Cargo Pant (Navy Blue)
male,casual,pant,Casual Men Cargo Pant (Military Green)
male,casual,pant,Casual Men Jogger Pant (Silver)
male,casual,pant,Casual Men Jogger Sweatpants (Dark Grey)
male,casual,pant,Casual Men Jogger Sweatpants (Light Grey)
male,casual,pant,Casual Men Jogger Sweatpants (White)
male,casual,pant,Casual Men Jogger Sweatpants (Black)
male,casual,pant,Casual Men Jeans1 (Blue)
male,casual,pant,Casual Men Jeans2 (Blue)
male,casual,pant,Casual Men Jeans3 (Blue)
male,casual,pant,Casual Men Jeans Straight leg (Blue)
male,casual,pant,Casual Men Tapered-leg Jeans (Blue)
male,casual,pant,Casual Men Loose Fit Jeans (Blue)
male,casual,pant,Casual Men Jeans (Black)
male,casual,pant,Casual Men Skinny-leg Jeans (Black)
male,casual,pant,Casual Men Retro Bell Bottom Jeans (Black)
male,casual,pant,Casual Men Slim-fit Chino trouser (Khaki)
female,casual,blouse,Linen short shirt Green
female,casual,blouse,Solid Crop Rib Knit Tee Green
female,casual,blouse,Black crop top 
female,casual,blouse,White short shirt crop
female,casual,blouse,White woman button down shirt
female,casual,blouse,Nude color wide neck shirt
female,casual,blouse,White crop top wide neck shirt
female,casual,blouse,Sky blue button up crop top shirt
female,casual,blouse,White contrast binding Tie Front crop tee
female,casual,blouse,Mono Crop top V shape Tee
female,casual,blouse,Pink Contrast Collar ribbed Knit Crop Tee
female,casual,blouse,White two black ribbon crop top tee
female,casual,blouse,Pink wide neck crop top tee
female,casual,blouse,Crop top long hand tee Khaki color
female,casual,blouse,White Wool long hand crop top tee
female,casual,blouse,Purple button down crop top blouse
female,casual,blouse,White solid pocket button Front long sleeve Lapel shirt 
female,casual,blouse,Pink Long sleeve shirt
female,casual,blouse,Navy long sleeve shirt
female,casual,blouse,Button down Plaid Knotted Shirt White
female,casual,blouse,Navy-white Plaid knotted shirt
female,casual,blouse,Blue jean crop top shirt
female,casual,blouse,Striped blue crop top shirt
female,casual,blouse,Black and white striped Crop top shirt
female,casual,blouse,Yellow-white thin striped button down shirt
female,casual,lowerwear,Jeans1
female,casual,lowerwear,Small waisted wide angle jeans
female,casual,lowerwear,Blue jeans1
female,casual,lowerwear,Navy jeans
female,casual,lowerwear,Black jeans
female,casual,lowerwear,Khakis cargo pant
female,casual,lowerwear,Cream cargo pant
female,casual,lowerwear,White cargo pant
female,casual,lowerwear,Light green cargo pant
female,casual,lowerwear,Blue jeans2
female,casual,lowerwear,Pink jeans
female,casual,lowerwear,Jeans2
female,casual,lowerwear,Navy long jeans cargo
female,casual,lowerwear,Adjustable long pant
female,casual,lowerwear,Brown adjustable pant
female,casual,lowerwear,Black short skirt
female,casual,lowerwear,Black double skirt
female,casual,lowerwear,Nude color skirt
female,casual,lowerwear,Grey skirt
female,casual,lowerwear,Blue jeans skirt
female,casual,lowerwear,Dark green skirt
female,casual,lowerwear,White short skirt
female,casual,lowerwear,Hem Skirt
female,casual,lowerwear,Frill trim Button detailed pleated skirt
female,casual,lowerwear,School skirt
male,classic,suit-coat,Stunning classic black suit wedding coat 
male,classic,suit-coat,Black grooms wedding suit slim fit light weight wool with classic waistcoat
male,classic,suit-coat,All black suit coat 
male,classic,suit-coat,Classic black suit coat with black ribbon
male,classic,suit-coat,Black suit coat with colored necktie
male,classic,suit-coat,Navy suit coat with strips necktie
male,classic,suit-coat,Navy suit coat with blue necktie
male,classic,suit-coat,Navy suit coat with no necktie 
male,classic,suit-coat,Grey suit coat with red necktie
male,classic,suit-coat,Classic black suit coat with white stripes
male,classic,suit-pant,Black cotton suit pant
male,classic,suit-pant,Black wool suit pant
male,classic,suit-pant,Navy side stripe skinny fit suit pant
male,classic,suit-pant,Navy fit suit pant wool
male,classic,suit-pant,Grey fit suit pant
male,classic,suit-pant,Black slim fit charcoal grey wool suit pant
male,classic,suit-pant,Indigo skinny fit suit pant
male,classic,suit-pant,Grey fit suit pant with stripes
male,classic,suit-pant,Boss tempered fit suit trouser in soft-washed stretch cotton
male,classic,suit-pant,Blue extra slim-fit virgin wool pant
female,classic,suit-coat,Black Payton Blazer
female,classic,suit-coat,Black Blazer
female,classic,suit-coat,Blazer black
female,classic,suit-coat,Black long coat
female,classic,suit-coat,Woman blazer slate blue
female,classic,suit-coat,Double breasted gray blazer
female,classic,suit-coat,Gray blazer
female,classic,suit-coat,Brown blazer
female,classic,suit-coat,Nude color short blazer
female,classic,suit-coat,White long coat
female,classic,suit-pant,Wide leg black pant1
female,classic,suit-pant,Wide leg black pant2
female,classic,suit-pant,Wide leg khaki pant3
female,classic,suit-pant,Nude color pant1
female,classic,suit-pant,Nude color pant2
female,classic,suit-pant,Red pant
female,classic,suit-pant,Navy long pant
female,classic,suit-pant,Pink long pant
female,classic,suit-pant,Gray long pant
female,classic,suit-pant,Brown long pant
male,Myanmar traditional,outfit-set,Grey Tite pone with Longyi
male,Myanmar traditional,outfit-set,Green-blue Tite pone with Longyi
male,Myanmar traditional,outfit-set,Yellow-gold Tite pone with Longyi
male,Myanmar traditional,outfit-set,Blue Tite pone with Longyi
male,Myanmar traditional,outfit-set,White long sleeve no collar shirt with violet Longyi
male,Myanmar traditional,outfit-set,Violet-pink long sleeve no collar shirt with Longyi
male,Myanmar traditional,outfit-set,Blue long sleeve no collar shirt with Longyi
male,Myanmar traditional,outfit-set,Wine color long sleeve no collar shirt with Longyi
male,Myanmar traditional,outfit-set,Red long sleeve no collar shirt with Longyi
male,Myanmar traditional,outfit-set,Green long sleeve no collar shirt with Longyi
female,Myanmar traditional,outfit-set,Brown traditional upperwear and longyi
female,Myanmar traditional,outfit-set,Sky-blue traditional upperwear and longyi
female,Myanmar traditional,outfit-set,Blue traditional upperwear and longyi
female,Myanmar traditional,outfit-set,Brown traditional upperwear and patterned longyi
female,Myanmar traditional,outfit-set,Black traditional upperwear and patterned longyi
female,Myanmar traditional,outfit-set,Chin traditional upperwear and chin-patterned longyi
female,Myanmar traditional,outfit-set,White-blue traditional upperwear and longyi
female,Myanmar traditional,outfit-set,Pink traditional upperwear and longyi
female,Myanmar traditional,outfit-set,White traditional upperwear and longyi
female,Myanmar traditional,outfit-set,Cream traditional upperwear and longyi
female,Myanmar traditional,outfit-set,Yellow traditional upperwear and longyi
female,Myanmar traditional,outfit-set,Red traditional upperwear and longyi
female,Myanmar traditional,outfit-set,Navy-blue traditional upperwear and longyi
female,Myanmar traditional,outfit-set,Green-blue traditional upperwear and longyi
female,Myanmar traditional,outfit-set,Light-blue traditional upperwear and longyi
female,Myanmar traditional,outfit-set,Yellow traditional upperwear and longyi
female,Myanmar traditional,outfit-set,Violet traditional upperwear and longyi
female,Myanmar traditional,outfit-set,Makeup color traditional upperwear and longyi
male,classic,suit-coat,Men's Dress Suit Vest Slim Fit Business Formal Waistcoat Vest 
male,classic,suit-coat,Men's British Herringbone Tweed Vest Premium Wool Waistcoat
male,classic,suit-coat,Men's V-Neck Sleeveless Slim Fit Vest Jacket Fashion Single-Breasted Business Suit Dress Vest
male,classic,suit-coat,Men's Slin Fit Grey Vest Classic
male,classic,suit-pant,Beige Slim fit dress Pant
male,classic,suit-pant,HUGO Hets Extra Slim-Fit Plaid Virgin Wool Pants in Blue
male,classic,suit-pant,Burberry Slim Fit Stretch Cotton Trouser
male,classic,suit-pant,SHEIN Men plaid tailor gray pant
male,classic,suit-pant,Gray wool dress pant